workers,service,target_rps,throughput_rps,lat_mean_ms,lat_p50_ms,lat_p95_ms,lat_p99_ms,p95_min_ms,p95_max_ms,reps,rho_est,overloaded_reps,requests
2,constant,3.6,3.625,54.669,54.136,57.24,57.449,56.712,63.367,3,0.099,0,435
2,constant,7.3,7.325,54.457,53.995,57.272,57.754,56.541,57.685,3,0.201,0,878
2,constant,10.9,10.925,54.111,53.674,56.65,57.914,56.607,61.21,3,0.3,0,1310
2,constant,14.5,14.5,54.05,53.628,56.926,58.0,56.804,61.087,3,0.399,0,1741
2,constant,18.1,18.125,53.977,53.55,56.436,56.959,56.195,56.613,3,0.499,0,2174
2,constant,21.8,21.825,52.083,51.956,53.377,54.71,52.264,54.022,3,0.601,0,2619
2,constant,25.4,25.425,53.025,52.626,54.64,57.192,54.118,56.543,3,0.7,0,3050
2,constant,29.0,29.025,53.992,53.82,56.027,59.952,55.052,56.991,3,0.799,0,3482
2,constant,30.9,30.925,53.621,53.84,55.602,56.159,55.531,55.752,3,0.851,0,3710
2,constant,32.7,32.725,56.333,54.467,57.22,141.073,55.911,98.297,3,0.901,0,3926
2,constant,34.5,34.525,54.15,54.334,56.184,57.125,55.985,56.2,3,0.95,0,4142
2,constant,36.3,36.3,54.184,54.378,56.174,61.679,55.99,57.639,3,1.0,0,4357
2,constant,39.9,39.825,726.759,736.669,1065.739,1108.757,1010.122,1189.747,3,1.099,3,4776
4,constant,7.3,7.3,56.325,55.819,61.357,61.602,61.268,62.303,3,0.101,0,1315
4,constant,14.5,14.517,54.625,54.235,57.113,59.372,56.313,61.281,3,0.2,0,2612
4,constant,21.8,21.8,52.582,51.876,53.66,55.352,52.682,54.165,3,0.3,0,3925
4,constant,29.0,29.017,54.879,54.581,58.958,59.609,55.397,59.042,3,0.399,0,5223
4,constant,36.3,36.317,55.177,55.111,57.217,57.913,56.008,57.486,3,0.5,0,6536
4,constant,43.6,43.617,52.145,51.808,53.766,54.215,53.59,54.323,3,0.601,0,7851
4,constant,50.8,50.817,53.139,52.882,55.938,56.827,53.912,56.162,3,0.7,0,9146
4,constant,58.1,58.117,52.189,52.036,53.433,54.403,53.366,53.681,3,0.8,0,10461
4,constant,61.7,61.717,51.906,51.502,52.533,54.869,52.335,52.824,3,0.85,0,11108
4,constant,65.3,65.317,52.489,51.752,54.017,76.077,53.504,56.188,3,0.9,0,11756
4,constant,69.0,69.0,52.129,51.656,53.102,59.035,52.882,53.788,3,0.95,0,12421
4,constant,72.6,72.6,53.201,52.04,55.792,92.287,53.369,75.685,3,1.0,0,13069
4,constant,79.9,79.633,797.145,831.92,1158.099,1202.466,1030.737,1266.831,3,1.101,3,14335
8,constant,14.5,14.525,55.21,54.693,61.299,61.489,61.205,61.437,3,0.1,0,1743
8,constant,29.0,29.025,54.376,54.27,57.299,59.121,57.127,57.301,3,0.2,0,3482
8,constant,43.6,43.625,51.605,51.414,52.995,53.842,52.917,53.043,3,0.3,0,5235
8,constant,58.1,58.1,52.116,52.061,53.396,53.908,53.37,53.413,3,0.4,0,6973
8,constant,72.6,72.625,52.176,52.023,53.741,55.546,53.667,54.045,3,0.5,0,8714
8,constant,87.1,87.125,51.494,51.331,52.655,53.298,52.58,52.757,3,0.6,0,10454
8,constant,101.6,101.625,51.401,51.367,51.825,52.302,51.713,51.825,3,0.7,0,12194
8,constant,116.2,116.2,51.506,51.368,52.326,52.99,52.222,52.329,3,0.8,0,13945
8,constant,123.4,123.425,51.369,51.358,51.77,52.128,51.747,51.819,3,0.85,0,14810
8,constant,130.7,130.725,51.35,51.249,52.247,53.093,52.172,52.281,3,0.9,0,15687
8,constant,137.9,137.925,51.34,51.307,51.688,52.123,51.637,51.706,3,0.95,0,16550
8,constant,145.2,145.225,51.342,51.266,51.979,52.242,51.941,51.996,3,1.0,0,17427
8,constant,159.7,159.7,408.545,402.492,638.843,671.204,603.527,660.546,3,1.1,3,19165
