endpoint,latency_s
/delay/0.05,0.054188
/delay/0.05,0.063112
/delay/0.05,0.055904
/delay/0.05,0.061446
/delay/0.05,0.053951
/delay/0.05,0.055253
/delay/0.05,0.057910
/delay/0.05,0.058160
/delay/0.05,0.068296
/delay/0.05,0.060553
/delay/0.05,0.062189
/delay/0.05,0.056429
/delay/0.05,0.057171
/delay/0.05,0.054624
/delay/0.05,0.059961
/delay/0.05,0.054844
/delay/0.05,0.059121
/delay/0.05,0.061981
/delay/0.05,0.053085
/delay/0.05,0.055352
/delay/0.05,0.052806
/delay/0.05,0.058686
/delay/0.05,0.058050
/delay/0.05,0.056943
/delay/0.05,0.061122
/delay/0.05,0.062627
/delay/0.05,0.055302
/delay/0.05,0.055034
/delay/0.05,0.055634
/delay/0.05,0.058392
/delay/0.05,0.062962
/delay/0.05,0.060130
/delay/0.05,0.054604
/delay/0.05,0.056420
/delay/0.05,0.058789
/delay/0.05,0.053825
/delay/0.05,0.062869
/delay/0.05,0.056046
/delay/0.05,0.053607
/delay/0.05,0.053091
/delay/0.05,0.060352
/delay/0.05,0.052916
/delay/0.05,0.056174
/delay/0.05,0.059573
/delay/0.05,0.056630
/delay/0.05,0.059491
/delay/0.05,0.056620
/delay/0.05,0.056093
/delay/0.05,0.063205
/delay/0.05,0.055665
/delay/0.05,0.062141
/delay/0.05,0.059442
/delay/0.05,0.062699
/delay/0.05,0.058908
/delay/0.05,0.054224
/delay/0.05,0.053728
/delay/0.05,0.062200
/delay/0.05,0.058812
/delay/0.05,0.056289
/delay/0.05,0.062666
/delay/0.05,0.054742
/delay/0.05,0.059577
/delay/0.05,0.052441
/delay/0.05,0.052523
/delay/0.05,0.062139
/delay/0.05,0.058935
/delay/0.05,0.059378
/delay/0.05,0.053424
/delay/0.05,0.056673
/delay/0.05,0.052125
/delay/0.05,0.060535
/delay/0.05,0.058763
/delay/0.05,0.052732
/delay/0.05,0.061331
/delay/0.05,0.056695
/delay/0.05,0.062207
/delay/0.05,0.052649
/delay/0.05,0.055894
/delay/0.05,0.054121
/delay/0.05,0.055579
/delay/0.05,0.053443
/delay/0.05,0.055668
/delay/0.05,0.054353
/delay/0.05,0.056136
/delay/0.05,0.057198
/delay/0.05,0.055195
/delay/0.05,0.061528
/delay/0.05,0.055381
/delay/0.05,0.060557
/delay/0.05,0.058904
/delay/0.05,0.071692
/delay/0.05,0.061443
/delay/0.05,0.063012
/delay/0.05,0.056138
/delay/0.05,0.057523
/delay/0.05,0.061185
/delay/0.05,0.060569
/delay/0.05,0.057573
/delay/0.05,0.057912
/delay/0.05,0.053655
