workers,service,target_rps,rep,duration_s,requests,throughput_rps,failed,error_rate,dropped,lat_min_ms,lat_mean_ms,lat_p50_ms,lat_p90_ms,lat_p95_ms,lat_p99_ms,lat_max_ms
4,constant,14.5,1,60.0,871,14.516666666666667,0,0,0,51.247,54.624579793341,54.235,56.843,57.113,59.3717,87.52
4,constant,69.0,1,60.0,4141,69.01666666666667,0,0,0,50.963,52.43546124124606,51.787,52.976,53.788,69.9508,95.741
4,constant,65.3,1,60.0,3919,65.31666666666666,0,0,0,50.925,52.48905766777242,51.752,52.9234,54.0172,76.0771,99.207
4,constant,43.6,1,60.0,2617,43.61666666666667,0,0,0,51.031,52.621388230798594,52.027,53.7422,54.323,65.61215999999999,109.719
4,constant,72.6,1,60.0,4356,72.6,0,0,0,50.979,53.20141551882468,52.363,54.61,55.791999999999994,77.03319999999998,104.396
4,constant,21.8,1,60.0,1309,21.816666666666666,0,0,0,51.152,52.581589763178,52.044,53.675,54.1648,61.177839999999996,92.287
4,constant,29.0,1,60.0,1741,29.016666666666666,0,0,0,51.133,54.90697128087299,54.581,57.908,59.042,60.7198,87.054
4,constant,58.1,1,60.0,3487,58.11666666666667,0,0,0,51.028,52.39621795239454,52.241,53.246,53.6809,54.6186,87.344
4,constant,61.7,1,60.0,3702,61.7,0,0,0,50.921,51.90577417612089,51.586,52.4068,52.823499999999996,60.64938999999997,89.286
4,constant,36.3,1,60.0,2179,36.31666666666667,0,0,0,51.208,55.17710325837529,55.409,57.145,57.4863,58.11646,89.85
4,constant,7.3,1,60.0,438,7.3,0,0,0,51.683,57.28534474885849,56.782,61.7735,62.3032,65.2015,83.238
4,constant,79.9,1,60.0,4767,79.45,0,0,28,282.268,884.2743580868479,958.877,1242.0108,1266.8314,1302.1133,1347.988
4,constant,50.8,1,60.0,3049,50.81666666666667,0,0,0,51.025,53.13881633322391,52.882,55.219,55.9382,57.03268,80.599
4,constant,65.3,2,60.0,3919,65.31666666666666,0,0,0,50.901,52.14550395509052,51.616,53.1402,53.5036,61.11003999999999,89.227
4,constant,7.3,2,60.0,438,7.3,0,0,0,51.164,56.02322831050234,55.53,61.1511,61.35695,61.60155,63.661
4,constant,29.0,2,60.0,1741,29.016666666666666,0,0,0,51.029,54.87948018380246,54.787,58.236,58.958,59.6094,86.76
4,constant,79.9,2,60.0,4778,79.63333333333334,0,0,16,255.702,797.1453386354124,831.9195,1131.2529000000002,1158.0986500000001,1202.4658,1249.824
4,constant,50.8,2,60.0,3049,50.81666666666667,0,0,0,51.009,53.35870350934757,53.234,55.675599999999996,56.1616,56.82696,59.785
4,constant,43.6,2,60.0,2617,43.61666666666667,0,0,0,50.969,52.14486473060764,51.808,53.416399999999996,53.7656,54.21484,56.016
4,constant,58.1,2,60.0,3487,58.11666666666667,0,0,0,50.983,52.18931803842858,52.027,52.875,53.3665,54.403299999999994,97.488
4,constant,69.0,2,60.0,4140,69.0,0,0,0,50.911,52.12909396135259,51.656,52.83,53.10205,59.0348,102.762
4,constant,14.5,2,60.0,871,14.516666666666667,0,0,0,51.026,5374.990295063137,55.626,61.092,61.281,61.9953,3706923.038
4,constant,72.6,2,60.0,4356,72.6,0,0,0,50.062,8252.548356749296,52.040499999999994,55.0705,75.68524999999991,133.00374999999997,3545674.186
4,constant,36.3,2,60.0,2178,36.3,0,0,0,50.732,3366.572987144167,55.111,56.850300000000004,57.21745,57.91308,2680733.205
4,constant,21.8,2,60.0,1308,21.8,0,0,0,50.634,2652.9116850152905,51.876,53.2905,53.65995,55.35207,987306.622
4,constant,61.7,2,60.0,3703,61.71666666666667,0,0,0,50.715,801.56426194977,51.281,52.019,52.3349,52.91574,925885.114
4,constant,7.3,3,60.0,439,7.316666666666666,0,0,0,51.127,56.325316628701565,55.819,61.113,61.2682,61.5753,67.277
4,constant,65.3,3,60.0,3918,65.3,0,0,0,50.652,53.154537519142316,51.825500000000005,53.6051,56.18825,96.47874999999999,151.057
4,constant,36.3,3,60.0,2179,36.31666666666667,0,0,0,51.05,54.084370812299255,54.255,55.6924,56.0081,56.65104,79.812
4,constant,61.7,3,60.0,3703,61.71666666666667,0,0,0,51.018,51.709114231704056,51.502,52.123400000000004,52.5326,54.86934,92.622
4,constant,50.8,3,60.0,3048,50.8,0,0,0,51.066,52.53550229658801,52.432500000000005,53.6942,53.91165,54.334,82.909
4,constant,29.0,3,60.0,1741,29.016666666666666,0,0,0,51.213,53.569379666858026,53.554,55.239,55.397,56.0496,69.368
4,constant,21.8,3,60.0,1308,21.8,0,0,0,50.899,51.885535932721645,51.8525,52.459,52.682249999999996,53.98701,65.804
4,constant,79.9,3,60.0,4790,79.83333333333333,0,0,5,197.751,664.353219624217,669.145,1006.9827,1030.7373,1066.0667,1111.563
4,constant,58.1,3,60.0,3487,58.11666666666667,0,0,0,50.955,52.092161456839726,52.036,53.035399999999996,53.4327,53.97126,55.665
4,constant,43.6,3,60.0,2617,43.61666666666667,0,0,0,50.874,51.983957585021,51.668,53.2484,53.5904,54.13352,56.052
4,constant,69.0,3,60.0,4140,69.0,0,0,0,50.912,51.87701111111118,51.567499999999995,52.726,52.8822,54.83272,78.879
4,constant,14.5,3,60.0,870,14.5,0,0,0,50.982,53.97936666666665,53.637,56.2154,56.313,56.512440000000005,57.765
4,constant,72.6,3,60.0,4357,72.61666666666666,0,0,0,50.927,52.825731696121075,51.852,53.0764,53.369,92.2868,139.78
